,age,gender,height,weight,ap_hi,ap_lo,cholesterol,gluc,smoke,alco,active,model,explainer
0,0.33521087207545086,0.04756880876187875,0.12247544080242864,0.366471686118795,0.00560513646428998,0.02344652807539745,0.4997753270810309,0.05395240160039056,0.008070526734461752,0.0075464906519604,0.03525937759423717,lr,shap
1,0.35114223341049294,0.03748397829639744,0.19349314112029883,1.095768573917392,0.002912947960788548,0.02344652807539745,0.204111350376778,0.05395240160039056,0.008070526734461752,0.0075464906519604,0.03525937759423717,lr,shap
2,0.5606546645524617,0.07794480413983454,0.26872375586380537,0.0018232422194965157,0.00560513646428998,0.02344652807539745,0.204111350376778,0.05395240160039056,0.008070526734461752,0.0075464906519604,0.03525937759423717,lr,shap
3,0.03026056878488091,0.029343211535105277,0.3740466165047145,0.362825201679802,0.00560513646428998,0.02344652807539745,0.204111350376778,0.05395240160039056,0.008070526734461752,0.0075464906519604,0.03525937759423717,lr,shap
4,0.17203766099782344,0.0010327838428505003,0.06229094900762341,0.362825201679802,0.00560513646428998,0.02344652807539745,0.204111350376778,0.05395240160039056,0.008070526734461752,0.0075464906519604,0.03525937759423717,lr,shap
5,0.14418483191659706,0.12253676535467364,0.08817028047938967,0.362825201679802,0.00560513646428998,0.04760355700156452,0.204111350376778,0.05395240160039056,0.008070526734461752,0.0075464906519604,0.03525937759423717,lr,shap
6,0.5291406282814086,0.005042415232740656,0.18265993259723387,0.362825201679802,0.00560513646428998,0.02344652807539745,0.204111350376778,0.05395240160039056,0.008070526734461752,0.0075464906519604,0.03525937759423717,lr,shap
7,0.19307908162901113,0.07393517274994438,0.04303191163328574,0.0018232422194965157,0.002912947960788548,0.04760355700156452,0.204111350376778,0.05395240160039056,0.008070526734461752,0.0075464906519604,0.15031629395437954,lr,shap
8,0.581094901737044,0.06785997367435323,0.26872375586380537,1.095768573917392,0.00560513646428998,0.04760355700156452,0.9546577515724445,0.30229280949210785,0.008070526734461752,0.0075464906519604,0.03525937759423717,lr,shap
9,0.22263927169859682,0.11439599859338147,0.24284442439203907,0.7311201300180934,0.00560513646428998,0.02344652807539745,0.4997753270810309,0.05395240160039056,0.008070526734461752,0.0075464906519604,0.03525937759423717,lr,shap
10,0.23346057373749332,0.025333580145215126,0.10321640342809098,0.362825201679802,0.00560513646428998,0.02344652807539745,0.204111350376778,0.05395240160039056,0.126438252173234,0.0075464906519604,0.15031629395437954,lr,shap
11,0.17008381479635604,0.007107982918441657,0.002106457212818181,0.362825201679802,0.00560513646428998,0.04760355700156452,0.204111350376778,0.05395240160039056,0.008070526734461752,0.0075464906519604,0.15031629395437954,lr,shap
12,0.40965541826859286,0.05971920691306107,0.3632134079816495,1.092122089478399,0.010989513471292843,0.02344652807539745,0.204111350376778,0.05395240160039056,0.008070526734461752,0.0075464906519604,0.03525937759423717,lr,shap
13,0.5031394442157267,0.03140877922080629,0.04303191163328574,0.366471686118795,0.002912947960788548,0.04760355700156452,0.204111350376778,0.05395240160039056,0.008070526734461752,0.0075464906519604,0.03525937759423717,lr,shap
14,0.3601599851095734,0.04756880876187875,0.22358538701770145,0.7274736455791004,0.008297324967791411,0.02344652807539745,0.9546577515724445,0.05395240160039056,0.008070526734461752,0.0075464906519604,0.03525937759423717,lr,shap
15,0.47017655583835466,0.023268012459514126,0.19349314112029883,0.7311201300180934,0.002912947960788548,0.02344652807539745,0.9546577515724445,0.05395240160039056,0.008070526734461752,0.0075464906519604,0.03525937759423717,lr,shap
16,0.3135682679976578,0.019258381069623968,0.23863150996640273,0.0018232422194965157,0.008835762668491698,0.02344652807539745,0.204111350376778,0.05395240160039056,0.008070526734461752,0.0075464906519604,0.03525937759423717,lr,shap
17,0.5602518716432361,0.023268012459514126,0.2578905473407404,1.4567705333776972,0.008297324967791411,0.02344652807539745,0.204111350376778,0.05395240160039056,0.008070526734461752,0.0075464906519604,0.03525937759423717,lr,shap
18,0.09774341066633283,0.013183181994032815,0.2879827932381431,1.4567705333776972,0.010989513471292843,0.02344652807539745,0.204111350376778,0.05395240160039056,0.008070526734461752,0.0075464906519604,0.15031629395437954,lr,shap
19,0.510804533159945,0.07393517274994438,0.04303191163328574,0.362825201679802,0.00560513646428998,0.04760355700156452,0.4997753270810309,0.05395240160039056,0.008070526734461752,0.0075464906519604,0.03525937759423717,lr,shap
20,0.14824282018118323,0.03140877922080629,0.12247544080242864,0.362825201679802,0.00560513646428998,0.04760355700156452,0.204111350376778,0.05395240160039056,0.008070526734461752,0.0075464906519604,0.03525937759423717,lr,shap
21,0.2782968351853212,0.06785997367435323,0.10742931785372734,0.362825201679802,0.00560513646428998,0.02344652807539745,0.204111350376778,0.05395240160039056,0.008070526734461752,0.0075464906519604,0.03525937759423717,lr,shap
22,0.11717967149508415,0.06579440598865223,0.15256768669983126,0.362825201679802,0.00560513646428998,0.02344652807539745,0.4997753270810309,0.05395240160039056,0.008070526734461752,0.0075464906519604,0.03525937759423717,lr,shap
23,0.20836116484171946,0.007107982918441657,0.06229094900762341,0.7311201300180934,0.00560513646428998,0.02344652807539745,0.204111350376778,0.05395240160039056,0.008070526734461752,0.0075464906519604,0.03525937759423717,lr,shap
24,0.03266530257130235,0.025333580145215126,0.10742931785372734,0.0018232422194965157,0.002912947960788548,0.02344652807539745,0.204111350376778,0.05395240160039056,0.008070526734461752,0.0075464906519604,0.03525937759423717,lr,shap
25,0.01928897088433305,0.019258381069623968,0.04303191163328574,0.0018232422194965157,0.002912947960788548,0.02344652807539745,0.9546577515724445,0.30229280949210785,0.008070526734461752,0.0075464906519604,0.03525937759423717,lr,shap
26,0.14178009813017559,0.0840200032154257,0.06229094900762341,1.8250654617159892,0.0051636175497157474,0.02344652807539745,0.204111350376778,0.05395240160039056,0.008070526734461752,0.0075464906519604,0.03525937759423717,lr,shap
27,0.43340216440950463,0.0414936096862876,0.03219870311022079,0.7274736455791004,0.008297324967791411,0.02344652807539745,0.204111350376778,0.05395240160039056,0.008070526734461752,0.0075464906519604,0.03525937759423717,lr,shap
28,0.09789370652798415,0.07393517274994438,0.1634008952228962,0.7311201300180934,0.00022075945728711633,0.04760355700156452,0.204111350376778,0.05395240160039056,0.008070526734461752,0.0075464906519604,0.03525937759423717,lr,shap
29,0.22248897583694546,0.053644007837469906,0.058078034581987056,0.7274736455791004,0.008297324967791411,0.02344652807539745,0.204111350376778,0.30229280949210785,0.008070526734461752,0.18111577564704948,0.03525937759423717,lr,shap
30,0.0887737536429808,0.01719281338392297,0.08817028047938967,0.366471686118795,0.002912947960788548,0.02344652807539745,0.9546577515724445,0.05395240160039056,0.008070526734461752,0.0075464906519604,0.15031629395437954,lr,shap
31,0.04078127910047474,0.03140877922080629,0.002106457212818181,0.362825201679802,0.00560513646428998,0.04760355700156452,0.4997753270810309,0.2594823583947612,0.008070526734461752,0.0075464906519604,0.03525937759423717,lr,shap
32,0.2605138288347346,0.025333580145215126,0.07312415753068835,0.362825201679802,0.008297324967791411,0.04760355700156452,0.204111350376778,0.05395240160039056,0.008070526734461752,0.0075464906519604,0.03525937759423717,lr,shap
33,0.38150199746406377,0.03541841061069644,0.4191849853508184,0.0018232422194965157,0.00560513646428998,0.02344652807539745,0.9546577515724445,0.05395240160039056,0.008070526734461752,0.0075464906519604,0.03525937759423717,lr,shap
34,0.01943926674598439,0.007107982918441657,0.002106457212818181,0.366471686118795,0.00560513646428998,0.02344652807539745,0.204111350376778,0.05395240160039056,0.008070526734461752,0.0075464906519604,0.15031629395437954,lr,shap
35,0.08261162331527584,0.05971920691306107,0.03219870311022079,0.362825201679802,0.00560513646428998,0.02344652807539745,0.4997753270810309,0.2594823583947612,0.008070526734461752,0.0075464906519604,0.03525937759423717,lr,shap
36,0.36842625750039715,0.0860855709011267,0.5696462148378315,0.7311201300180934,0.00560513646428998,0.04760355700156452,0.9546577515724445,0.30229280949210785,0.126438252173234,0.0075464906519604,0.03525937759423717,lr,shap
37,0.028757610168367496,0.007107982918441657,0.06229094900762341,1.095768573917392,0.00022075945728711633,0.04760355700156452,0.204111350376778,0.05395240160039056,0.008070526734461752,0.0075464906519604,0.15031629395437954,lr,shap
38,0.386461760898558,0.07393517274994438,0.027985788684584435,0.362825201679802,0.00560513646428998,0.02344652807539745,0.204111350376778,0.05395240160039056,0.008070526734461752,0.0075464906519604,0.03525937759423717,lr,shap
39,0.49422389370256914,0.03541841061069644,0.19770605554593518,0.366471686118795,0.00560513646428998,0.02344652807539745,0.204111350376778,0.05395240160039056,0.008070526734461752,0.0075464906519604,0.03525937759423717,lr,shap
40,0.45770199932129346,0.05971920691306107,0.03219870311022079,1.095768573917392,0.00560513646428998,0.02344652807539745,0.204111350376778,0.05395240160039056,0.008070526734461752,0.0075464906519604,0.15031629395437954,lr,shap
41,0.35925820993966534,0.03748397829639744,0.22358538701770145,1.4604170178166904,0.002912947960788548,0.02344652807539745,0.4997753270810309,0.05395240160039056,0.008070526734461752,0.0075464906519604,0.03525937759423717,lr,shap
42,0.09999784859110293,0.1286119644302648,0.34395437060731193,0.362825201679802,0.00560513646428998,0.04760355700156452,0.204111350376778,0.05395240160039056,0.008070526734461752,0.0075464906519604,0.03525937759423717,lr,shap
43,0.3787966719543396,0.007107982918441657,0.03219870311022079,0.0018232422194965157,0.002912947960788548,0.02344652807539745,0.9546577515724445,0.30229280949210785,0.008070526734461752,0.0075464906519604,0.03525937759423717,lr,shap
44,0.7379015801151205,0.06785997367435323,0.44927723124822105,0.362825201679802,0.008297324967791411,0.04760355700156452,0.204111350376778,0.05395240160039056,0.008070526734461752,0.0075464906519604,0.03525937759423717,lr,shap
45,0.5328980248226921,0.03541841061069644,0.03219870311022079,0.362825201679802,0.00560513646428998,0.02344652807539745,0.204111350376778,0.05395240160039056,0.008070526734461752,0.0075464906519604,0.03525937759423717,lr,shap
46,0.22384163859180753,0.029343211535105277,0.24284442439203907,0.362825201679802,0.00560513646428998,0.02344652807539745,0.4997753270810309,0.05395240160039056,0.008070526734461752,0.0075464906519604,0.03525937759423717,lr,shap
47,0.11908542302082317,0.11038636720349132,0.22358538701770145,0.362825201679802,0.00560513646428998,0.02344652807539745,0.204111350376778,0.05395240160039056,0.008070526734461752,0.0075464906519604,0.03525937759423717,lr,shap
48,0.19488263196882724,0.053644007837469906,0.08817028047938967,0.362825201679802,0.00560513646428998,0.02344652807539745,0.204111350376778,0.05395240160039056,0.008070526734461752,0.0075464906519604,0.03525937759423717,lr,shap
49,0.5180187345192093,0.025333580145215126,0.10742931785372734,0.362825201679802,0.00560513646428998,0.04760355700156452,0.204111350376778,0.05395240160039056,0.008070526734461752,0.0075464906519604,0.03525937759423717,lr,shap
50,0.025153153230483803,0.004777520071931191,0.004150424962152571,0.2508897760676138,0.026535083045974975,0.0023826598254375756,0.07789860904980038,0.006515614565338042,0.002226856179969155,0.002488192854125719,0.002147336379389287,rf,shap
51,0.02615514419889355,0.006655492652139083,0.012282743165271302,0.23484239939496288,0.07999083865332762,0.0040504380616474414,0.024367988262941863,0.0035624029167707323,0.0008082032287675977,0.0017541814349559743,0.00621971175339035,rf,shap
52,0.12098897077338613,0.008084711302864808,0.008095454883998026,0.042636764143805975,0.02404786031201734,0.0008261386453013385,0.03891960030462471,0.00038553667838247494,0.004573103109608284,0.0016872599638884005,0.009997649893535313,rf,shap
53,0.022795948175814103,0.01119791161056051,0.0719972036341506,0.10295365746590687,0.027975415514192893,0.0004697309262643372,0.04363833049643322,0.002762548970248892,0.0033890072480819012,0.0020851927778772397,0.01385681012259607,rf,shap
54,0.07375369428773772,0.0005079408838490342,0.00895253838457442,0.11180464700470566,0.025776266590566605,0.002093439951172409,0.04236402968134291,0.001992526999502456,0.002223954142603981,0.0006207026453797179,0.00880241520439323,rf,shap
55,0.060962308963604175,0.009900245427141501,0.0208509284929202,0.08950802549967377,0.027517700298524857,0.004505351421565425,0.03610558854672384,0.00098926468662677,0.008114816148561257,0.0027200488409090647,0.005353911759944369,rf,shap
56,0.09410689492106436,0.00700712342082732,0.013473386798910152,0.11650402015375125,0.02780166804472194,0.0008269361281494465,0.04710231500434421,0.003477730353805408,0.0030466361060860533,0.0016651483226019503,0.00625076621809682,rf,shap
57,0.032899903177226804,0.024226844194365563,0.0007773486246786518,0.02701448929470074,0.11909723021893351,0.012241359000571638,0.038174556688510636,0.0017687273786170783,0.003592685565840097,0.0015909787411539078,0.02278912063365287,rf,shap
58,0.06633678396526341,0.013095876116247821,0.014048065796966575,0.16509340755982216,0.021701310440408492,0.015964419546281076,0.10874729576291564,0.028407034077181287,0.001281825028207183,0.0009221442287153502,0.0035014644310298344,rf,shap
59,0.02665809082830164,7.158772350282385e-05,0.015991978667864833,0.2825773466657643,0.019270973055431313,0.004985315219431514,0.07241283941030041,0.004062711044874903,0.002922511875886497,0.0030477736222590244,0.0004987882673479055,rf,shap
60,0.06523972279219535,0.0004096411713640565,0.025230996102009504,0.09372088582409735,0.02636874889320376,0.0014360993894686751,0.043554853075549765,0.0029806221035682647,0.02523553036675607,0.0032075571891906577,0.04305431856235012,rf,shap
61,0.0799077805862486,0.00022987513392681006,0.021607977475135327,0.10883320649451278,0.030221393404916592,0.0021705781860605657,0.0442536300982905,0.004684645346926494,0.002624375092013579,0.0010923041917953189,0.03179274124515041,rf,shap
62,0.05964082739035086,0.0032477139764922713,0.06172357036301244,0.17471508055468532,0.08157827997740119,0.0037270798520319115,0.04450106783417405,0.004633954975086913,0.001207032553738251,0.0008308498645650619,0.01011796014003009,rf,shap
63,0.02010549765872467,0.0028581055289632184,0.014615767122875687,0.27679834821159,0.10195617127314793,0.010435791067628826,0.02059725723161141,0.002940911786160628,0.0004624405073623837,0.00180358610995573,0.0005643862937206712,rf,shap
64,0.06064020951118986,0.005115817954075468,0.03859479300326675,0.09601962711289982,0.05442437984762324,0.001154221968697582,0.31238667095899875,0.020883511863950273,0.0018611581937007858,0.0017528106049377362,0.0032617417698650826,rf,shap
65,0.047000250959686914,0.0040623824993140396,0.00933894675059343,0.1441950917764355,0.0503409457967948,0.004990790114377822,0.10687225604709516,0.012506457270135088,0.0012535942519846955,0.0013040342679079588,0.0014688051967637014,rf,shap
66,0.04708566456171695,0.007166337974717031,0.02499038148744349,0.06227547239354243,0.06558172158252268,0.0014542160883470453,0.03907160814305973,0.002095675126355706,0.0041404263559298585,0.0020670150505898263,0.010547762782654634,rf,shap
67,0.08466440007116721,0.0011399484204077126,0.04206995778231478,0.17640827014204247,0.08669526564020402,0.0032971821564070514,0.0448352849065405,0.004948700940287294,0.0013828034921284417,0.0008581745159450438,0.005218325263168736,rf,shap
68,0.031905448970025875,0.002256000951400661,0.07273356515180289,0.16594949575086448,0.0888994240772366,0.005188536359624762,0.036820535102230066,0.0034172019464857742,0.0018572531019759178,0.000705495323286333,0.04042053502394119,rf,shap
69,0.04011492403532845,0.005411443942284044,0.0032032090845965804,0.10532226278917475,0.03592080596138593,0.004569434094491606,0.14179292417484776,0.002713659771553521,0.0021419687787931872,0.004864625418475819,0.010717218654030646,rf,shap
70,0.038971621948923126,0.0030143140229439503,0.03231638598361201,0.09849294422496595,0.036984519386504565,0.017135424209779874,0.038630135117140696,0.002195880087424269,0.005035906865458054,0.0010250714034329427,0.014847832955701688,rf,shap
71,0.05945871541476849,0.005286750316954258,0.005121393064273809,0.1065395360788248,0.027570492980263643,0.007404546150481461,0.040689137942213266,0.0028327575337115853,0.0037601980194188105,0.0018100268276601025,0.0056961957178173536,rf,shap
72,0.054201019596953566,0.010656254716013532,0.020601487996862414,0.10098978771243823,0.020722835697109705,0.002350273444949368,0.12571790860317597,0.0024759358475907466,0.0023398842345206767,0.003741590879808322,0.010110167477002264,rf,shap
73,0.026496428452248415,0.0066235868680762375,0.004091404080955812,0.35227975515058196,0.013636221558788141,0.010081354262007403,0.023188324388238965,0.0027787087518417897,0.002748454028099737,0.0019158507129060595,0.004872250143306604,rf,shap
74,0.019232861268762436,0.003064857459111187,0.0026211063393166783,0.02393664983953395,0.1062785921185159,0.00445904322862916,0.035277154465942,0.0019186946430295967,0.00580350692221954,0.002070721142149414,0.008352294730850442,rf,shap
75,0.00516493418749629,0.00018627239491144634,0.0022001706598606427,0.03352165223827779,0.07037750129002773,0.003543317209284666,0.15645288463577445,0.014555117974457979,0.002850375734593176,0.00029077520797346214,0.005089457063502192,rf,shap
76,0.0019658795704937154,0.00119137472493423,0.015468861878859659,0.23730802241160132,0.07842632141345401,0.0017358981405745505,0.02071918376241559,0.002708831567158475,0.000847150917458234,0.0013457211964644426,0.000405888888264591,rf,shap
77,0.07020016434084768,0.0027373586327138085,0.011356423829897166,0.15385194333273713,0.07242977594318287,0.002892672272557113,0.04559078918844199,0.004878396678224975,0.002037186120840675,0.0015843849080306492,0.005184767519048537,rf,shap
78,0.014210290711927883,0.001002595920145282,0.022696725125490442,0.24674582136109757,0.08976597504892798,0.0018900378902179326,0.02034723940897614,0.003046953660731656,0.0006146202077578415,0.0010549096993059724,0.005106761940971378,rf,shap
79,0.05214927631278434,0.000494905642905876,0.019141712138572794,0.1299396008840491,0.06322416253708997,0.004974470023131554,0.04983329524042644,0.05051987190025304,0.004858534749199624,0.02475701048664661,0.0069560964020834795,rf,shap
80,0.02862660179303279,0.005258595168005176,0.013618664644987582,0.14360951457478338,0.0525000135656223,0.004858668212312684,0.10783535333125799,0.012812055217232898,5.3992833580720245e-05,0.00032812538482468066,0.003667993797714506,rf,shap
81,0.018893134795880725,0.0019120710282214215,0.019774386866158063,0.10909333706466585,0.03273055787931421,0.020588161782499313,0.08557518277752157,0.029364899697547978,0.0016250620811915236,0.0026937740658803055,0.013930255091190294,rf,shap
82,0.08277509634121528,0.017293824066748363,0.01018391818336644,0.07876159448380146,0.05347067141134391,0.0024682475758632336,0.03635341467092465,0.0012998855309183546,0.007536526330427852,0.002634579595614311,0.010527187228046587,rf,shap
83,0.020362323356234738,0.006215381564361076,0.02316705052764126,0.019196580065018856,0.022459064082572658,0.0039060578161307807,0.2190095560034189,0.015676577003458377,0.0027524124064437663,0.0017369916192200186,0.008837715396775414,rf,shap
84,0.009543235720196788,0.0081758854271554,0.013049146008775634,0.3068352322052824,0.033732337391277484,0.000896355195167034,0.025613732359803208,0.0014220013375950235,0.0021198679075559975,0.0011279633718115996,0.008860997048140447,rf,shap
85,0.04377442896802692,0.0009852266845433869,0.018060161724000105,0.09934367446382351,0.02767606716051594,0.002008794752620042,0.09626055831662425,0.019415685100269746,0.0016142408787336877,0.0025843497122984473,0.010104520577348324,rf,shap
86,0.02579233509327028,0.009278375369816315,0.02627365593596807,0.18654640442502327,0.024770436201924016,0.009697290260557026,0.10890377414924343,0.04163210191326843,0.011942035548741185,0.001301425738733526,0.004776516472068751,rf,shap
87,0.009250420634686236,0.010287597908869413,0.0067265765252116794,0.28235151917998336,0.11168150962367414,0.006413764935898262,0.01006741484523824,0.0028978593240214312,0.002031432891424829,0.0017679344443589646,0.020842492246149105,rf,shap
88,0.12194962514043736,0.028501727125137384,0.011297370767164144,0.08770730408723075,0.017128043536705734,0.014203789966072102,0.03401104883551883,0.00132213139906106,0.004243329277586864,0.0019574222780354743,0.010557920635125666,rf,shap
89,0.10401744325396499,0.004404179021476954,0.005853087480982224,0.29146850977477184,0.018288904586535086,0.006661059938301021,0.022533153361309115,0.004571371416041063,0.00442331774142724,0.002009721631432846,0.001924168134056387,rf,shap
90,0.08565825870473087,0.0034521108433439554,0.012380158445105444,0.26807098629270765,0.011462907303167163,0.0018286547615918264,0.021117215825907972,0.0013877082922340465,0.002241246522135294,0.002033041817267704,0.006667975209304799,rf,shap
91,0.025437306673365374,0.003027805989903254,0.01766475618792099,0.21706409408549393,0.08046527890841582,0.001685562138822178,0.060493668906627794,0.007391331954467604,0.0009631977002560227,0.001636965555555915,0.002495736615269425,rf,shap
92,0.048311952517305315,0.008049347767538361,0.056145308877782914,0.0952182907919856,0.030185320820581625,0.002842040319461488,0.038542736012713144,0.00277751197862933,0.004979905779393928,0.0025917616342017087,0.01329379568632664,rf,shap
93,0.032035839520269956,0.0011774723421037181,0.0018295753872618,0.022569638128054778,0.05924119981923262,0.0072361813932288015,0.1374423943983762,0.01811597591268138,0.0032978578905806318,0.00029786183347051614,0.0039843552209510675,rf,shap
94,0.14635060117259052,0.007668637376253505,0.06950925720822028,0.11415464023102578,0.06464498518377568,0.005425249965643484,0.04752786683071926,0.00565998971989659,0.002649159800579861,0.0018879824269914084,0.008669671608737894,rf,shap
95,0.10380686149956168,0.0016982954264295282,0.00594802268379922,0.11332875146899982,0.02883732203106029,0.0021189824255391293,0.045760500737216936,0.004610399265243074,0.00232407381525782,0.001587501249286078,0.005171143790698551,rf,shap
96,0.05890968400394669,0.0026111120213158866,0.014261359708733315,0.08946712294310029,0.014102206069071152,0.00690923421161441,0.099197377967938,0.0028112653680109124,0.003786124049985751,0.003868376624133015,0.00952315172687941,rf,shap
97,0.013313282075592466,0.0013791267547786168,0.024792324038607,0.1022859007591738,0.03162541978208314,0.005033764697682018,0.04151376178147807,0.003976109394934697,0.003424244493461346,0.0018455553981951904,0.010999087258148894,rf,shap
98,0.06717902032577398,0.003861114415456286,0.02169834272188434,0.10890690760380813,0.029059643048341955,0.0019624327137675243,0.050823742942426475,0.0029212098048395684,0.00137759434894578,0.0016301343661351852,0.010162778566406034,rf,shap
99,0.07579464422465827,0.008567130689733037,0.007099975441014732,0.10796982768536628,0.029674127479606988,0.0011182771731297917,0.041761247226577654,0.0030850013474358422,0.005229306177000506,0.0024899047647957587,0.008432561936494509,rf,shap
100,0.030999296930624837,0.0032417596318515055,0.0033175910486067314,0.005150543123770374,0.22925214973285116,0.004165587744667576,0.03447749779894216,0.007247061318740112,0.004340354512269931,0.0,0.007180893618347188,mlp,shap
101,0.028048180969380634,0.0016805232124835134,0.0037475645376080636,0.01418240627177597,0.29876040219527633,0.009190322028991338,0.008672944089952273,0.004212938886537482,0.0,0.0004506761871734821,0.0028893918054746725,mlp,shap
102,0.11239696075299462,0.0015151673058729775,0.014722490194843514,0.01874189777541531,0.0018981578919629676,0.011125638035003516,0.02054312842682379,0.0,0.0019880616855155126,0.000873527931934545,0.010852898921690435,mlp,shap
103,0.006273285365033675,0.000965394471305614,0.0034463948949711703,0.06272527034169974,0.1550564027125266,0.011372090618453418,0.03556367739547878,0.0,0.0012589533349643854,0.0017819453911011415,0.00980382769712561,mlp,shap
104,0.0471720265660308,0.0028837264856910183,0.0,0.004656615194064506,0.18398412186503987,0.013860715697944864,0.04325750243660193,0.0035949135633112357,0.002645941281420705,0.003591008135973387,0.006100821314502382,mlp,shap
105,0.014728702141567592,0.0002136384016754589,0.02500620528834554,0.01288918230134417,0.1544734910144738,0.011544331798340931,0.03488496655843094,0.0011196290848520312,0.0,0.0011051981683584385,0.012492035197851402,mlp,shap
106,0.09630107160468893,0.001732009594821588,0.002766905681041639,0.02017933017619778,0.19689748214389577,0.012726352051416734,0.04543368476389037,0.004237174226767945,0.0030339441043232274,0.0,0.0031388288456785703,mlp,shap
107,0.05260156898406031,0.019392883828494186,0.039110340852133246,0.01540921360645344,0.020440521666588423,0.03512457324484957,0.03238276666120509,0.00929422477348323,0.0032169797952346715,0.0,0.03929165583703898,mlp,shap
108,0.03679894582589889,0.0,0.015100358570754382,0.025281390288169468,0.21862803150151774,0.0023192183378901166,0.09645605490884784,0.04549197584782567,0.0073249000114665105,0.00886112818129675,0.010037965568752473,mlp,shap
109,0.009094661941655676,0.0035157102751242385,0.005205302826419939,0.012423400433633335,0.3182138225997673,0.006141141385343446,0.026142363297550916,0.0075857923088462915,0.0,0.0023851929779477405,0.0007309317819458316,mlp,shap
110,0.04341661511517925,0.0015813692069144363,0.0019087003779990604,0.028036986646699902,0.14610313506104822,0.009392083123418831,0.03188254435836925,0.0,0.06334825796888131,0.0011860556781679854,0.03837257409972072,mlp,shap
111,0.06458220825302459,0.002672489502633744,0.00039972179235326857,0.00039704935001660946,0.1753473049586548,0.012418075479040449,0.03551921060732402,0.00021098903408409283,0.0,0.0030331998171740826,0.025409658172453175,mlp,shap
112,0.06605891564292174,0.0019675301747063717,0.0,0.053713523717028554,0.2587053502093249,0.03199579470508454,0.02279760155983973,0.0012498853727010224,0.0012348934812541068,0.002135017649942399,0.00238033893573166,mlp,shap
113,0.024089619506431906,0.0013699763721326775,0.002828402978328983,0.016433562024629745,0.2815178907858561,0.022979032711351245,0.015930167596242266,0.01077771731992237,0.0,0.0030460047351942906,0.0024257974457249643,mlp,shap
114,0.03861306937477255,0.004575569348051807,0.008349098013529737,0.03676422672159068,0.14231262165370423,0.02617489477455169,0.2708171961511971,0.007202975334640216,0.0,0.0014347656319317885,0.0038984245079086155,mlp,shap
115,0.019003665982808445,0.0,0.0045367746796881585,0.0102703278559341,0.15912966697675576,0.008288160657871465,0.12046304986526607,0.005026115954357268,0.003374719445829455,0.003607092866504786,0.0014128534362562119,mlp,shap
116,0.0655766443197361,0.0021854182899029807,0.003068202501907635,0.021342445700277907,0.019839762022977506,0.04236745711114111,0.028696020300014728,0.0007365248985838292,0.0006828890775380878,0.0,0.008859957943419811,mlp,shap
117,0.09162131569091932,0.00345828729197255,0.0017041714186498932,0.03330972598038499,0.2953416173672818,0.015276597568892498,0.02085023558170029,0.0,0.002096104472597504,0.0024123320209976616,0.0048557549862841345,mlp,shap
118,0.011356010127106703,0.005755594106565958,0.0,0.05757072949901053,0.2543948145319807,0.017365823731291283,0.019023470621801812,0.001170584166350186,0.002343780115594278,0.0029139356944033246,0.02170470825090976,mlp,shap
119,0.06990907875684317,0.002314605187000633,0.004763776342308371,0.00749313122499159,0.17166084214806335,0.012419450793265521,0.050929081203753696,0.0045255523215509946,0.0021547793785214042,0.0,0.008033994940910236,mlp,shap
120,0.010501247674688857,0.0066446961284424635,0.00972737730036779,0.015553079637957913,0.16717490131425536,0.012443853844914811,0.03338965204234684,0.00220809899724498,0.0,0.0015227322649291886,0.012770183454916562,mlp,shap
121,0.053447669410067754,0.006164966500923672,0.0,0.007268346722559954,0.18220477045181382,0.012700662825774315,0.04240610277205261,0.006057615641035779,0.0034722168352828912,0.00123812366014997,0.005754077058174066,mlp,shap
122,0.0295812794515046,0.002421286270602535,0.0,0.022744516527600605,0.17299371859886736,0.013571024999742934,0.031291090175396455,0.0038377246019012535,0.0027260149210029043,0.0031317656803213317,0.007524605612730552,mlp,shap
123,0.011554657007576047,0.0022173174572436764,0.0015473772290686418,0.0,0.31005452291936636,0.0037783720966032695,0.012395851816461025,0.0065526139929261065,0.0005301334863707356,0.0006484994048447379,0.0038061938194165093,mlp,shap
124,0.025840761562429704,0.009373883041708955,0.004737777395926126,0.003175065281763961,0.022911694669074594,0.0368516515188808,0.02677513964071874,0.006793105444544432,0.004320718935422095,0.0,0.005300617330914717,mlp,shap
125,0.0,0.011073564047015413,0.006949282725150537,0.008607479087693935,0.045081178812668904,0.024100622170853916,0.2550513717867105,0.09128042784884392,0.0034999752292603215,0.011090000190953951,0.005399310162669036,mlp,shap
126,0.0021889489963569683,0.002554524356207924,0.011935939367896914,0.0004291096937980021,0.29811937797143473,0.055015538229227216,0.004708935620749536,0.0054237747581079064,0.001522331863346782,0.0,0.002399399252553364,mlp,shap
127,0.08033996986549949,0.0036352737573855562,0.0028240994117381423,0.0,0.2484108406488704,0.021750448204071886,0.03752629955273793,0.00040127327537160654,0.001423450186866515,0.0020093319595772792,0.00744045255714732,mlp,shap
128,0.0005596380625111919,0.0029942743766400754,0.013302804268995282,0.017761741646792374,0.299587384307352,0.024100482803487294,0.01230916642964608,0.005413425736222785,0.0008472173787772094,0.0,0.005064799020360921,mlp,shap
129,0.04041231508428623,0.0,0.010071931797675923,0.014919953460375047,0.19963871739810463,0.017724195715048664,0.02284200584247039,0.01914257974818452,0.0024133666643201823,0.03981941393768341,0.009609857636139583,mlp,shap
130,0.0,0.003305828995694574,0.005134788580533612,0.010236978538562412,0.14516541429738944,0.013543173103420132,0.16488669919606547,0.0037590271560391784,0.0017836738086957336,0.00044870349044240365,0.0023303996989637154,mlp,shap
131,0.010080203662203798,0.002106328483337472,0.004588391443160582,0.0025795812480754673,0.15332700212672323,0.010043492076141827,0.03342835064531428,0.018979217711597853,0.0029354068798883672,0.0,0.010925353859866422,mlp,shap
132,0.05118050402423889,0.005107829123223454,0.006713600834455232,0.015527733136994097,0.1502157877989404,0.026535559902999332,0.031014447027766654,0.0,0.002686586074703168,0.0016810578898830697,0.01340420965059991,mlp,shap
133,0.028866080908006426,0.0032700547714560597,0.0045952475552983214,0.012204366095266811,0.014378440374484274,0.004689126159440342,0.233341715682165,0.0048146639801130075,0.0006882988459121497,0.0,0.002635796421280693,mlp,shap
134,0.010611869749509542,0.00060630753602961,0.00773689822150202,0.01477791625539047,0.2351182013063753,0.004503084640522596,0.017351113970632062,0.010720654760687145,0.003963937493984652,0.0,0.009952357613812583,mlp,shap
135,0.03138593800745378,0.0025474173146327332,0.0,0.0014573282500607992,0.15638891174294708,0.010357004846382155,0.018819866366828746,0.014726859436713893,0.003073254379144408,0.002892310805086066,0.008941087015986154,mlp,shap
136,0.0198871913946261,0.0,0.01658909750937868,0.05991264025912043,0.20757753903954573,0.004917112259651815,0.12961918709682324,0.07131965258939846,0.020553286804945118,0.008948398925252565,0.020968427316425557,mlp,shap
137,0.003299972489943839,0.005991288431138139,0.002540552798205222,0.00063296390260538,0.3124930883732945,0.025477687023098265,0.008190719664574336,0.005421562021633801,0.0002418227889855462,0.0,0.008763725306154813,mlp,shap
138,0.08892767008901897,0.009735197646028752,0.011875521681585318,0.005375561183417502,0.14443594675806104,0.011845185456669204,0.030505399107606256,0.0,0.0030430669624315065,0.0019459173708439794,0.013929426538674254,mlp,shap
139,0.0712669788994637,0.0,0.006507171289583743,0.010401925648301752,0.21471015018259607,0.003985138551663438,0.015258485432647564,0.0071470059568776965,0.0033729248800423426,0.0014466404927306713,0.0024602685151000614,mlp,shap
140,0.04343396901343001,0.0,0.00650412101310338,0.0016427364455868924,0.2714444715963762,0.003312502697384818,0.007138915464736959,0.004095552015153796,0.0006118432342716029,0.0012061414425978,0.00735232880393832,mlp,shap
141,0.0219380697849552,0.0018528910940391011,0.0,0.016025824896914162,0.2828849716029031,0.008393216307764422,0.025650877753285197,0.00579877099717741,0.00131379925058972,0.0014065704292912957,0.0022546877950401526,mlp,shap
142,0.004865121213914636,0.005501697235888646,0.019934977212555955,0.05230074505631514,0.15100297453979045,0.011676798811767825,0.033229603589265196,0.0,0.0037839356185968005,0.00028693613601627073,0.012840848982873557,mlp,shap
143,0.04555978364935643,0.008742568432693833,0.003574441438528244,0.004542649925112565,0.03774678368796454,0.021609966726039577,0.20559483055846958,0.07364100541587407,0.002726435632650681,0.0,0.0015674504657711289,mlp,shap
144,0.14046879823487557,0.013708417618614608,0.0017942990790723902,0.06209092478228559,0.18482648585785644,0.0321349593277571,0.045388163930251336,0.0022966887593408136,0.0,0.001454258775420103,0.004624768984030934,mlp,shap
145,0.1026845383922398,0.00424484321239086,0.002553474587445289,0.0036619040560648317,0.19478194542437446,0.016939973043534232,0.04284710577243131,0.0,0.0022611943934982004,0.0006041264841506665,0.005110031828225412,mlp,shap
146,0.03379526083117852,0.001982301171950263,0.002135843470778044,0.03638709619571809,0.15917519028847463,0.010278223698241547,0.02426554253151548,0.008638345754636938,0.0,0.0006530109898707781,0.014319166510969492,mlp,shap
147,0.010084532401300672,0.0032908690063892685,0.016694338111672796,0.03802210418609,0.1548469993475273,0.01016768511100842,0.037501690679114706,0.0008841069806440061,0.0,0.0022999907300448276,0.011005912576164508,mlp,shap
148,0.05246235953735474,0.0,0.006632905138086939,0.015361866469451948,0.17861754720365194,0.01208032757505524,0.04068416070217486,0.0008277066306560665,0.0027206981992549716,0.003130162055474417,0.0076946781710756995,mlp,shap
149,0.08278340797884008,0.0,0.0051299621686694994,0.011849969443322369,0.19096438772133353,0.013872617445813876,0.04107978565342775,0.004070169701986884,0.002105114415426407,0.0029297411021002584,0.005748210547738078,mlp,shap
150,0.029717487020368374,0.0007411610443695944,0.011957768037333208,0.3993050091026839,0.0014108294326724577,0.005119287352436667,0.02917292512329523,0.012280744347796628,0.004576754410993183,0.00035294998851300195,0.004411968629345734,lr,lime
151,0.02082626455012679,0.005203595521881798,0.012635440231165784,0.39365010806783163,0.006210458541643199,0.005384609979127821,0.031519293662922665,0.013354886081935729,0.0036768814809572314,0.0068850232197427445,0.0104284411075964,lr,lime
152,0.026285034815868847,0.006440875012634644,0.01597611897316095,0.4069426988999915,0.004780016480310492,0.009913888866806985,0.03498156500552925,0.010175320534344171,0.007888615924237152,0.0013428040094626494,0.007350985301413339,lr,lime
153,0.02592848261727707,0.002196208907253211,0.013117751485043358,0.3942282743272854,0.0064260533021715215,0.002363009817195073,0.03510067561836892,0.005768177566614017,0.005059662612035236,0.004306739423339466,0.0038967884089097194,lr,lime
154,0.02800826043300786,0.008255271762432289,0.01803279500021957,0.39289111900389695,0.006705809040349756,0.0036992758216237674,0.03664910927152293,0.008571251546831743,0.0038722985798309915,0.007866511477944683,0.0025440993254598515,lr,lime
155,0.02663174274862893,0.005075592423076996,0.017610823422458097,0.40341380593444837,0.007350615144261218,0.0019653701334729984,0.041288786126089785,0.01161650291014025,0.005955393075377811,0.0040907012352731295,0.01045354014483606,lr,lime
156,0.01961468907824723,0.0060723997829198115,0.017015153032705035,0.3927034509913222,0.004264495063566828,0.004156436370763568,0.02893648562761159,0.006905231000163499,0.0050427049594302725,0.012914380437197047,0.006885798586862298,lr,lime
157,0.025616066720050547,0.003953202312286153,0.01964079403274604,0.39820704437622834,0.0019102967581712438,0.0033853938890552175,0.027411138537951796,0.008965835990241304,0.002572507397984256,0.0068620484014736876,0.010146213561817382,lr,lime
158,0.02260363825930054,0.00010474995735245526,0.019067478492127213,0.3874396629459161,0.0008924767542919121,0.012903545456189939,0.02514459276613197,0.008970211793648684,0.006597174547072357,0.007992081238678816,0.0022053453872623004,lr,lime
159,0.02309761496319087,0.002748941675242524,0.013695356542313873,0.39091362832048054,0.006597636600052658,0.005113218129412099,0.037777571710932656,0.01790101966787737,0.0033639263262034745,0.002987384893967151,0.0016875590659281327,lr,lime
160,0.023571031802653304,0.002368150228210781,0.019818946576633273,0.3951936352834249,0.004223230856187839,0.002183783196554528,0.03223508475854569,0.019322570228003173,0.007236150791209607,0.006701449008763917,0.014386900030413454,lr,lime
161,0.01838388280473749,0.004738171463858036,0.012465531432589291,0.39400363617075684,0.008100741929049625,0.007529083762074496,0.03636185973647768,0.004066543250736946,0.0038977089494341925,0.0055428530694550514,0.0067466709895413115,lr,lime
162,0.024175283938713356,0.006698703558380763,0.018037990516162988,0.3888975141571149,0.004498440373626544,0.003307066028142138,0.03202324939023016,0.015080198951464056,0.0023940545159218383,0.002765509981220899,0.008435135772576933,lr,lime
163,0.02322539460288585,0.004475368023485843,0.019152611326627537,0.395457502272675,0.0007208462693623097,0.006609570813611382,0.03324762325239836,0.00916653302291848,0.0027149305905807388,0.004394989334252053,0.004226369295203472,lr,lime
164,0.02552053570025558,0.0002461502312332352,0.015794767964683792,0.39530823887589617,0.00400262569756144,0.00601004608010466,0.02786048735880655,0.011258763982757141,0.003384173371120302,0.005276220465149695,0.006275546398546775,lr,lime
165,0.02997601692170072,0.00029728382638630256,0.015650604867225675,0.38473222541460317,0.008643707495303498,0.0066421980736646275,0.032171487139606596,0.013005195158633322,0.004824655219877111,0.0067800979423213665,0.006982364964303805,lr,lime
166,0.02744963179539125,0.0017741775960095853,0.01491134330279955,0.3849058838430564,0.0036446428239611042,0.003563224332361085,0.03601707525035605,0.009836665534981037,0.0072758435580614145,0.005377040370295725,0.009867827509356365,lr,lime
167,0.02370811912291958,0.00423339045818519,0.01913064158690413,0.39551718425747795,0.000865112115635371,0.005263693969211718,0.03525835647929207,0.009605587636367681,0.0025224594736367265,0.0016393664183688825,0.007825216552564358,lr,lime
168,0.028169715236989235,0.002139420280199376,0.010688477046669267,0.3892603519744208,0.008494436240354562,0.003681224151967391,0.03439772979426965,0.013161371549659427,0.004823907400786264,0.007736407327645269,0.0070465399830724,lr,lime
169,0.029941904904063163,0.0011566408110688477,0.011390839989237435,0.3894501694416818,0.002208408669730798,0.0005760189977066951,0.027145132066964422,0.008581423130725758,0.0024682763866953616,0.0006369691667851721,0.0029344377993364835,lr,lime
170,0.026329812199603026,0.00738687299452526,0.018174716265269005,0.3967722995342184,0.005227736582766127,0.001303035140859414,0.03176464368223971,0.009789934228278535,0.011130521705593935,0.005088368166329735,0.0029349241389604527,lr,lime
171,0.03129883851456525,0.006458126359488733,0.01432334549364551,0.39578000483476566,0.0049245443688261305,0.005462191751386149,0.031035474714292716,0.008775755841307449,0.003636909172497503,0.0034722424960164098,0.003038137752010954,lr,lime
172,0.027701051336437608,0.005467276052188774,0.013518714966896677,0.39683062811770176,0.0011984164621091837,0.0030388893311193987,0.029027282234065158,0.012347778115278317,0.0059081868620706164,0.0021552617747473413,0.013073700574549122,lr,lime
173,0.03423830306407382,0.005133895871843165,0.014748806746851644,0.3957775176813844,0.0025073727901723164,0.009849621296851014,0.03970617327328475,0.010324448641648557,0.0037609174818375914,0.007316301136277023,0.00929702607219797,lr,lime
174,0.022878789770748895,0.005898379091954902,0.013453299562913166,0.389342076398751,0.006984273435097917,0.003024265568406519,0.032148615790204886,0.008396323791657953,0.0060089297974724705,0.0019839088822210353,0.001728233381061517,lr,lime
175,0.02588606792039653,0.003117700881296769,0.015013279106824448,0.3881795882636122,0.0067399199888126095,0.007213369392368561,0.03219815941366918,0.010693754499855105,0.005093591487466143,0.0030300578739096713,0.004180775121037471,lr,lime
176,0.029591218685386046,0.003698062089876603,0.016643094505469743,0.39382099511295526,0.004757508917529171,0.006056077710398114,0.0319720381312263,0.016382149712981874,0.0026666347235709113,0.0031252129257433496,0.004562668820014357,lr,lime
177,0.027134818496668118,0.0011413063857745168,0.02121002963838311,0.3934727373160697,0.004834219688586012,0.0062076618096793094,0.04418640394144027,0.0057967206574663175,0.008180555416947514,0.004333983934117158,0.006585700001447663,lr,lime
178,0.02517026785128917,0.004306516557923503,0.015690152749439173,0.39634351509434435,0.0014834450098469868,0.004739834393739507,0.03215919913391736,0.013577950312295233,0.006721849007512404,0.0035097934247705215,0.0022124027973274576,lr,lime
179,0.02810192315921701,0.004960331367913955,0.013320809576262744,0.39149581209578477,0.0021844527877020042,0.002435018508748927,0.0409335956014098,0.0066772092165938764,0.0018495121134875572,0.005819810816727496,0.0011720969886991673,lr,lime
180,0.02782980626180468,0.004757432984956348,0.01621797920296547,0.38899425940003396,0.004575732817869921,0.002627163977039682,0.034205502231689985,0.008757110881117178,0.003985952192604212,0.0007280956724274112,0.004424759958832463,lr,lime
181,0.02703205489769531,0.005774261647560279,0.014377422564351866,0.39891739879617316,0.004914046211817426,0.011440011737537135,0.030632305018388508,0.010475487669077322,0.004135446681610422,0.009871489323708427,0.009942660800478077,lr,lime
182,0.022774891773201224,0.0027454676911650277,0.01260312400526861,0.39665953916182534,0.0018852968926425773,0.0030094777817061863,0.031172169159991187,0.011018241926776709,0.003860233966786783,0.005026525452675316,0.008212538583281968,lr,lime
183,0.02330649156880506,0.004914716164875609,0.017560527133800848,0.3905752062974503,0.004634529291684794,0.004242830501058928,0.035431764591764114,0.01343054905063976,0.006941600210861477,0.009109275229246436,0.002120945659086621,lr,lime
184,0.029897061649198,0.0011693236861802922,0.016970096244766128,0.3898946820268024,0.004183583440244651,0.0034074048332064805,0.03454379407197984,0.012563779541468815,0.011850451276401745,0.00848238987051841,0.010349473194673654,lr,lime
185,0.026223291200933342,0.005114815843472574,0.011303510435945553,0.39352186258214517,0.008107329523798872,0.003445274162617031,0.031512466222642574,0.01588875828208522,0.006000534573252818,0.0065435103271196445,0.006424910645677869,lr,lime
186,0.030551368244440633,0.0018407920426118927,0.017306609268806023,0.39065908605180727,0.0005988682568563056,0.011348982473478353,0.033821980766647386,0.010354525713279945,0.006352565604017705,0.004548772723195393,0.0047151642814256475,lr,lime
187,0.03309253123081176,0.002961898447914112,0.01493983288829577,0.3859297787601281,0.0007616434786633562,0.002378619557901419,0.02868690486726013,0.013530309855963207,0.004169396604524665,0.009831669311969327,0.012726489394975667,lr,lime
188,0.025287031156820843,0.003126015816492634,0.01469748792354506,0.3888332060259406,0.004386795916672273,0.003262663994248416,0.03001452151720185,0.014386039753030686,0.0020939190715656107,0.009442674923163212,0.006926306527037184,lr,lime
189,0.027168751888821178,0.00043753980264781147,0.01873434888383752,0.39979718912661694,0.007250850605233528,0.002679178000828468,0.03634882235498871,0.0054018510920151985,0.005723299571711395,0.0006591806148179965,0.008263798952731312,lr,lime
190,0.02396983181103571,0.0005795405777023998,0.014920421823448143,0.3946797455267155,0.0018761299304649532,0.004957453651260343,0.03204818875435121,0.015512208204052181,0.003896540547366001,0.0017812208366913187,0.003327766923924616,lr,lime
191,0.02865614476392835,0.004356497481053807,0.014278597029561664,0.397405950566132,0.0020874074921500146,0.002047287089163086,0.03473939921617607,0.013492955036950787,0.007730521984047807,0.006305575750609966,0.009137821585049142,lr,lime
192,0.028508844111315764,0.0020369304169156562,0.013689545861824517,0.394770439903471,0.006034997965696883,0.007241973186769371,0.026941473583851534,0.022563004762039596,0.008287437663285597,0.007579328297326015,0.003298095510993526,lr,lime
193,0.02853907175880334,0.005132523269469221,0.015412683095428533,0.3947029088014401,0.004182740063495792,0.0037833814370337947,0.033664387424542044,0.011434403557053104,0.005570509762201203,0.010423442065486222,0.006244922919895731,lr,lime
194,0.023955628279371814,0.002779864971645461,0.021758453953077815,0.38791097289831267,0.006606139465477247,0.007654167657043246,0.03134101391279357,0.017328775957556393,0.0036141118841200508,0.0038667972581996873,0.007277853228390022,lr,lime
195,0.02429748544786022,0.007018076420701539,0.014407698774093935,0.394399878759548,0.006254984731968212,0.0024643137357829702,0.03184284515724954,0.013065612342477804,0.003247469868612176,0.00592352293133346,0.00377681182428612,lr,lime
196,0.027698477206150863,0.0045022180034226525,0.014662159919439043,0.39749413695285196,0.0047870596716919536,0.011944496087696991,0.034961359976684224,0.004056255673658203,0.00909373587186605,0.005891048873410343,0.009918435892807288,lr,lime
197,0.021431543562338676,0.005458683059253211,0.010814593324639401,0.3937301091600236,0.0061221619045966295,0.009760863432780868,0.026692733725391243,0.007674033349386388,0.004384910159670748,0.003688682393193577,0.012542342844309478,lr,lime
198,0.02900731869952039,0.00138183192848232,0.016890185461728893,0.39283715242443024,0.005841637553231194,0.004824919347627498,0.035891609028359917,0.0077119971215324915,0.006283892940514542,0.0005971339635528302,0.0007414129886925423,lr,lime
199,0.025055121295179724,0.0028194213354612533,0.01488624790399721,0.3894011705698508,0.0050355393774154655,0.0065308194276337255,0.027565377404579323,0.00689353369544948,0.001802656202634556,0.00352593454476774,0.0066302725570617106,lr,lime
200,0.035371891486539915,0.0030621662357097207,0.02956810284185976,0.13308511774468795,0.07502244253806768,0.004330492920570187,0.037794523769244075,0.009942834658501976,0.004118164151006185,0.004394577038790862,0.0066367190781722206,rf,lime
201,0.03843539909996439,0.0011377150749172984,0.035583676898744594,0.12975831130017187,0.0774353512389943,0.006642309180590091,0.03653929076335431,0.0025175894031736487,0.002802587698329155,0.005576286445635482,0.0028268965409561915,rf,lime
202,0.039300267367774325,0.0007497101719331651,0.024569077720916557,0.13179605836162728,0.07811798363092258,0.001986543614270194,0.04160940974310521,0.007528661639902892,0.002196044648428521,0.006127861571690564,0.004510848033317143,rf,lime
203,0.038669892435053775,0.0006254094518363348,0.02931520341385374,0.13301438232702845,0.07916376850788895,0.0016027734649034407,0.038858675526002376,0.005338036957669026,0.0008209130569941755,0.0026102268141632613,0.002321932091455552,rf,lime
204,0.03566607606515379,1.1769815040186055e-05,0.0329419385923369,0.13398477514797563,0.08121765962835002,0.004052168352500857,0.041658601453316055,0.00671607934865546,0.003281006775436736,0.004331973898676629,0.0028511421533579757,rf,lime
205,0.033203438721919984,0.0003337080538021863,0.027993295041547434,0.13198149250134425,0.07522786920832937,0.003560545401143425,0.04028618816341982,0.005368407597353037,0.007116027718638495,0.0017160489463730606,0.003962714110723825,rf,lime
206,0.03763179819707796,0.0002157626511857182,0.031173396314296612,0.13334861764210987,0.07825039992309472,0.0006159449017512058,0.04316999817683716,0.005357165088380112,0.0008826447901573162,0.006145790503877908,0.0018463439738306455,rf,lime
207,0.03809904279393723,0.0007411902545720325,0.027034871778268407,0.13261367132077445,0.07541395010733262,0.0016919596126808894,0.047742203864862276,0.002370844852942448,0.003409454508529098,0.0012611085129352923,0.007045798838808225,rf,lime
208,0.03306057859806797,0.00084353309984561,0.02724408763640025,0.12331288993226577,0.07297361033699398,0.0032996126468716677,0.04755326166835107,0.006478685056631783,0.0021658361691992687,0.0018456930252518957,0.004520865438103738,rf,lime
209,0.03538337843825802,0.0033350564580465498,0.030079309653818363,0.13252045202167848,0.07298684870336176,0.0027427551404112264,0.041282670150861143,0.007638882043059293,0.002316722314344567,0.0031177918053358344,0.005184954422461276,rf,lime
210,0.03845190766947337,0.001214734870912667,0.030526353692333374,0.13058253360474836,0.07491497308798627,0.0036086030074628205,0.044658475443341304,0.007598406371081754,0.0017853480291654745,0.004882256210659704,0.0052085457109526095,rf,lime
211,0.03673030393677017,0.0009128343947851492,0.030694801301441796,0.13094703306690542,0.0762170306533158,0.0026117504126623196,0.03946751502801479,0.007070920179401818,0.0028397402051067765,0.0025449800427176476,0.0025899463381549976,rf,lime
212,0.037811587554245726,0.0016085536408049128,0.03079175333103179,0.13658885211166527,0.07996539303851449,0.002164579693377487,0.044516154364963895,0.005490439537985894,0.0023876434910883315,0.0008257654440056307,0.003680438853298785,rf,lime
213,0.03826724857597185,0.00013605347221961353,0.031030389350184904,0.13451557059165653,0.08168044221763732,0.0042317317076146655,0.03728230188596958,0.007666401043289534,0.00579591971762961,0.00199130538817208,0.004115172922251436,rf,lime
214,0.03804044595052663,0.0009093568034594382,0.029190504997753275,0.12601546346025277,0.0724919694912089,0.0019603525539888386,0.049055198754772406,0.004086640855106063,0.0045948897967619425,0.00591079256654377,0.004157676181815232,rf,lime
215,0.03624448691808919,0.0017999163931617056,0.028718505713998196,0.12710788754623414,0.07194697211642205,0.00482257908584374,0.04861359613503989,0.007447976720531314,0.0020213187848200148,0.004989957096563281,0.002154873995406938,rf,lime
216,0.039002696592516706,7.121322966643178e-05,0.02916118487039973,0.13166069506400851,0.07836526780628636,0.007736914891080094,0.038856014327227476,0.0033006709219921115,0.00015287282211168143,0.0023036320755833424,0.006662093554981353,rf,lime
217,0.03749385158729994,0.0044422442125375255,0.02985535181015299,0.13894082789706722,0.08365535820615055,0.004982881568085308,0.04812923193341026,0.0072086137750084385,0.002775390185526465,0.003394380163618194,0.0034263088156415607,rf,lime
218,0.039640148226910234,0.00445003938274877,0.0320494106966397,0.13423410772472988,0.07540541319945146,0.0007305122585428336,0.04062196573212521,0.008009706280862557,0.0028787213931643963,0.002996827893380489,0.0052396521009556735,rf,lime
219,0.036269293360941895,0.0015998411163014917,0.03136801940833749,0.13515006058691403,0.07860696195788933,0.006979793635596816,0.04621113180832598,0.008731224150079953,0.005451079776110316,0.007412884144453069,0.005353959503159787,rf,lime
220,0.03858598047736673,0.002364187980291927,0.03162968238403882,0.1326008404879837,0.08295413315833147,0.0012235543836222555,0.038545243425690046,0.00500598011873157,0.005546528465554201,0.003153515595102011,0.003601245845589029,rf,lime
221,0.03617527073687048,0.001115223886393073,0.03314536310844269,0.134311856194457,0.08007324684357257,0.009084172589711304,0.046246129825838825,0.00797853248918176,0.004062910340243014,0.005543121679495463,0.0052654425409761636,rf,lime
222,0.03343968034711736,0.0009387501702568461,0.031654041663865,0.13270343886794667,0.07849925688663774,0.002846954268085565,0.0381579490216389,0.006527342681570297,0.003657978722650043,0.006577127260661478,0.0042911589389671495,rf,lime
223,0.037495395828822435,0.00023278080369036215,0.029814976199763317,0.13216702262268434,0.0792321518228867,0.002514517490019647,0.035937886891218164,0.003093202678050298,0.0016520745062534848,0.003912373998747437,0.0030222163215461277,rf,lime
224,0.03606644205390347,1.021259458568024e-05,0.027757034361743864,0.13267670184301794,0.07721062878909285,0.0009439716917635614,0.03964888819422701,0.004774322952312123,0.006146517535485683,0.0036777279818579903,0.005915501927749421,rf,lime
225,0.03358353296880772,0.0030830141778070237,0.025115790748923644,0.1274898705564399,0.07543044436690174,0.004583342659033335,0.05426540521256539,0.0053123067729155555,0.0027324673126984844,0.0024940664402460446,0.0042608306758663336,rf,lime
226,0.040761683752668566,0.00057150899508618,0.026034304159045483,0.1323968704350317,0.07910569606662134,0.00250603836838253,0.04238563249096437,0.0033150074150019174,0.0031855530115623186,0.002961701515944243,0.005214538888975562,rf,lime
227,0.03848540214151814,0.0003817835564487756,0.029504564209261303,0.1381311619642631,0.07994269001935514,0.0012994514518318654,0.04482561516955705,0.006762076270966737,0.006158981375330934,0.003544019679651851,0.0028253779404036946,rf,lime
228,0.03584097433315049,0.0021486728227355814,0.029150066873310714,0.13415479202608563,0.07885970897352987,0.005490934758128119,0.04372611668213114,0.003906581478970446,0.003531870329508917,0.0027420086387355213,0.007551017664623636,rf,lime
229,0.03515649152562207,0.0002351450741038804,0.02761504774653303,0.13264079643984428,0.0832974073398638,0.003925341735321008,0.04179261080421257,0.006609850541058478,0.005415044234435786,0.01520482823145692,0.0054835738021087625,rf,lime
230,0.03564004295449938,0.0015810819890077642,0.0295004483400692,0.13028908891031327,0.07472881544915902,0.006201225589732138,0.04512236992209884,0.006098900721132767,0.002296095273156613,0.001352535399813478,0.0021328645826748094,rf,lime
231,0.03288104848144129,0.000899805027677113,0.028717516230619383,0.13334112534512305,0.07585176834824107,0.0010114212167473347,0.03980136438185271,0.003605516358718708,0.000780049039845654,0.00047779478094818126,0.003956702432782714,rf,lime
232,0.037901486390558035,0.0004703866789787149,0.032048554665416534,0.13408572380828554,0.08021331178784216,0.003601315047717,0.03628901108793835,0.005371550323857315,0.00104139781753782,0.006397084234620298,0.005460907393362925,rf,lime
233,0.0305441598490584,0.0019293541645526236,0.027125376855934864,0.12676497735138167,0.07238963954009009,0.0048657121563296605,0.04691037084292042,0.003542105251188179,0.0029150384698934857,0.0018606161079985468,0.0027702354851701404,rf,lime
234,0.04066964239599615,0.00439011827373529,0.033312029062216114,0.13298585816406489,0.07879041626697181,0.0045693543623671696,0.038096831641433584,0.0036343027155600577,0.0006405818252960304,0.0014658010102075617,0.00615665444441545,rf,lime
235,0.03396544714206073,0.002190832220432235,0.03172053514184318,0.13387403788197041,0.08145179315906993,0.004588658167891665,0.03746514623692903,0.005518006683175253,0.0038650108602725744,0.0006170843126574667,0.00459588226924009,rf,lime
236,0.02895071352234653,0.0005262455552026669,0.02601507274513705,0.12587159850838328,0.06827555668471143,0.004196302412480714,0.033770019084299746,0.008537673241367607,0.0012428457704319173,0.0009915983173026264,0.008833964899226672,rf,lime
237,0.03454134160979407,0.002105544815636442,0.032110675799737705,0.1356642525517095,0.07462431982765365,0.006777604583931289,0.03762739946494386,0.003941155379982416,0.007018055649655844,0.0010819516025048158,0.0072399097538536315,rf,lime
238,0.03814593162570187,0.0004450291857390281,0.0309066917205379,0.1297442031696724,0.07806239920466898,0.002750920731188848,0.04209555425055066,0.006049630912831256,0.004581476252695362,0.001238687874861593,0.0031620619960147306,rf,lime
239,0.03977101220653379,0.0004248394884195719,0.026318630261740594,0.1316435784561671,0.07623089140205523,0.006043342637996294,0.041754219022769906,0.003875092779480977,0.004740236902699695,0.003929572644670682,0.00443213487825399,rf,lime
240,0.03801490044660871,0.005859216248067195,0.029153434914169607,0.13439828496853926,0.07577750163798469,0.0024604953630461474,0.03793383657316482,0.0032941877834719016,0.0036040710757550684,0.0020902746131051804,0.0009129682692000714,rf,lime
241,0.03698416278728684,0.000776936398859328,0.027718163471690996,0.127860627812172,0.07764642875117593,0.006053768275367904,0.039164031289377704,0.010805995603593436,0.002924096227276413,0.0031572169831757414,0.003411323902512255,rf,lime
242,0.035961389822090864,0.0013604600532579054,0.0287947740483918,0.13593396681997721,0.07710593001650831,0.0010751322046801183,0.0374413560144674,0.013678425470065545,0.0038853798060886203,0.0018606209251694507,0.0021860856380063664,rf,lime
243,0.038021493129519336,4.0000439445790415e-05,0.03295159701973292,0.12916959812140522,0.07095405020139826,0.003122220342918397,0.04825064270780202,0.004427887705431783,0.0011545289815211805,0.0015832838534974522,0.004804448491321731,rf,lime
244,0.03471056014627344,0.0022126913008142083,0.030423443973152754,0.13640355103579585,0.07865920225345215,0.004580372281680957,0.03700619458489505,0.001776306654675327,0.004596426586605541,0.004802968104392087,0.0022039430915765687,rf,lime
245,0.034695029397812806,0.0001724905102623436,0.03034641468764716,0.14168112156833113,0.07976189258986183,0.002129349006603272,0.045211812808143986,0.009778024162240408,0.001499963473061136,0.003991839908295445,0.006514887307404985,rf,lime
246,0.03587984998774418,0.0011626154966169792,0.02998765201054476,0.12997678362363765,0.07881987618901344,0.004504324943148619,0.04164728922671862,0.004271085418320819,0.002346290113370492,0.0009322702919739789,0.003444069627776097,rf,lime
247,0.03440958231656288,0.0036130852560581333,0.025552414770082875,0.13132692984051478,0.0770326469732182,0.005338722943359502,0.039306007241327434,0.0031817412133461754,0.004156483017781646,0.004703701562007514,0.0026331941920547525,rf,lime
248,0.03649033450543608,0.0016865250698642367,0.025896254013546054,0.13396885491126742,0.08076262270349485,0.0044214167472203065,0.03335960078507387,0.0012894457556250761,0.0031143553414703417,0.002299100454538515,0.0018632625433074167,rf,lime
249,0.03838750627997669,0.0017840621958781925,0.03277851973664125,0.1395909849388949,0.07681220974384308,0.0011236864925668808,0.045661951506809156,0.002816311360501626,0.005160398063416302,0.002925540061528582,0.00445881123801998,rf,lime
250,0.0377427592613904,0.0015543431288328954,0.037807269321135,0.15496244276803423,0.008783261587060652,0.011264050291107388,0.03781841063273937,0.009629606517151279,0.013056886292993388,0.005011503483559812,0.001344580932333625,mlp,lime
251,0.0400342016069087,0.0028178380478992306,0.03320142877173592,0.15494845956393483,0.006486711614807243,0.010050637622921122,0.02964793792471316,0.005744894086774879,0.010603330749918616,0.002940802951426651,0.0019433808850285238,mlp,lime
252,0.04085553830738963,0.006019493525836409,0.03394231431811254,0.14852272007784742,0.008890733065063655,0.009024464234097165,0.02324012599981664,0.004645210816144043,0.011939415897353249,0.014450889257195069,0.007301782642427694,mlp,lime
253,0.04442877056239298,0.001958730649583491,0.035743861413976306,0.1523154895282054,0.007607745919806895,0.009283178589190066,0.027965876538962896,0.01099447513694813,0.016656185410827615,0.020526267679958576,0.004560797294768109,mlp,lime
254,0.04709865471324057,0.005577886804942113,0.030491441174835113,0.16227964371224074,0.006263532407979582,0.0062820481960700865,0.020386587249844858,0.013814419587985165,0.007468410862933576,0.013131380738402053,0.002334976487702911,mlp,lime
255,0.04753728719672422,0.004580410266155653,0.030266814388356798,0.15883716860585445,0.007388970573952654,0.011918883706194835,0.03474778910044614,0.012298043629076924,0.016121711668001932,0.009337843811628022,0.007576789686732484,mlp,lime
256,0.04392116728216918,0.007856276410013796,0.03296695049539953,0.170204216246943,0.00418003157746548,0.019484040553826354,0.033758881299203194,0.0048409258634146,0.00978429646864342,0.015412210547154947,0.007441245548372297,mlp,lime
257,0.0448815058465649,0.003456835111670862,0.03580475554434539,0.1578598751882544,0.005068697352352541,0.008658155917511142,0.027093856126673428,0.013058003112608052,0.0211485363160846,0.012460705358770011,0.007994554376000561,mlp,lime
258,0.04768490716711741,0.006741748542465962,0.034222870267256865,0.14353961115583747,0.008047612339644796,0.012159511016593561,0.02988492043695953,0.012058393168192034,0.006356474949192946,0.005559641010000298,0.0008716233360150365,mlp,lime
259,0.043028517322524024,0.004813920536500883,0.030693559175299943,0.15873387541186684,0.006233483331559696,0.006195114818306721,0.03384875327892453,0.009213173603833091,0.012974567729505823,0.01088496450208586,0.0038880496190014293,mlp,lime
260,0.0487412328292653,0.009948420604717907,0.029751586187383605,0.154501184231803,0.013999674836786173,0.008670176242400771,0.03348510995930956,0.004456832112115793,0.010333101541717623,0.0213362120583122,0.006868135546430136,mlp,lime
261,0.04359938699958508,0.0012258019576995823,0.031049952884737456,0.1623884322530736,0.009995355549354344,0.006028845238400561,0.02770496396242368,0.011772555438861113,0.008782179810805021,0.011399499066378455,0.002450034671364246,mlp,lime
262,0.045574000363272055,0.0037656609386392506,0.029295471064923313,0.16746544503729746,0.006692339072596888,0.019606564837796676,0.03225091291133968,0.01088765914836425,0.004754301287233719,0.013538156171934428,0.007560399795228142,mlp,lime
263,0.042805958340931406,0.0050893959422109005,0.034442107004307054,0.16059563235493776,0.004447765124725478,0.009950034535886249,0.025711907985844967,0.008452735166871271,0.014289546595076311,0.010700353789422488,0.004643791235047187,mlp,lime
264,0.04530839499577739,0.0044217946817912595,0.03246896747643026,0.14972603345943356,0.008178259138726131,0.0016844105371499863,0.036469612256761,0.003017047942414049,0.010106726603110025,0.005413428506052739,0.004478639852380214,mlp,lime
265,0.039655232136399224,0.002608266729869286,0.029005732728690413,0.14920556365926824,0.007515036375498977,0.018058056700367073,0.02687701324937647,0.009652647266072074,0.0090786357672263,0.013770860682098828,0.00540278111515764,mlp,lime
266,0.050321593197602967,0.00015737579706642804,0.03269668959009395,0.15313517700351656,0.008225115397161597,0.010175145926041717,0.026561450183429366,0.014332253166356959,0.013733043352344178,0.0033090584515157997,0.004429271970179193,mlp,lime
267,0.048666080550040174,0.005033053898306771,0.034865457033560365,0.16673288696984534,0.009020529943559391,0.0034155278083027023,0.037437368290758034,0.007223104296081305,0.0024695852945755383,0.01127554800477305,0.012347272405808764,mlp,lime
268,0.04466778184430698,0.007353940668830592,0.034784501500527684,0.1645196662533808,0.008103738825003856,0.010520975723701954,0.030304487959234554,0.00957858352094126,0.007941948713727777,0.008136874616221545,0.011623291924290607,mlp,lime
269,0.045990518236316544,0.0027082719961713875,0.032314556880660206,0.16179477476481338,0.012312655395174198,0.0056265021331131865,0.01987541961431153,0.015477778410038133,0.0076151352220153465,0.0021216800357759975,0.006291982830639141,mlp,lime
270,0.040787872916471686,0.0038986563268922033,0.03705503904449435,0.1531808527814788,0.008678068932621725,0.005973644685959819,0.03334921066349431,0.011892894469504835,0.005349227921009791,0.007996803356955694,0.003855191409232127,mlp,lime
271,0.04185007663473923,0.004119427890106831,0.03624487953716991,0.16219330936302767,0.014322731450934139,0.012166875505853974,0.026180598460157415,0.012625163079750468,0.014961534743121995,0.01200338033791171,0.00535130274022837,mlp,lime
272,0.03970244678331096,0.00560855074425667,0.03467208906866548,0.1634216601217435,0.006742286998592741,0.006553937631036616,0.025608217931070112,0.008399509149843413,0.015303837478880922,0.0041602839702882905,0.006166985866025841,mlp,lime
273,0.041202689203413446,0.009470521151982124,0.031569746272201396,0.15943436721024604,0.01133411512517139,0.012411493854278949,0.027047998765302204,0.007544888607208951,0.00958530512263335,0.010079396817986407,0.005709262171762604,mlp,lime
274,0.042240389254335334,0.0018668893423953838,0.034451086936440375,0.15626365508677323,0.0057531673749467325,0.005625733814174215,0.02988863462035253,0.005693915889411151,0.0065403913746793114,0.010559260473728274,0.003107138153266659,mlp,lime
275,0.043961654629425896,0.006709240559728595,0.03417017748327387,0.15283540251648647,0.007826209320011816,0.008819023952278566,0.02473498100241074,0.00594810724253743,0.01422826283834706,0.006631025184523909,0.01338849386559315,mlp,lime
276,0.04239296502998958,0.003621037443247348,0.0327443577256187,0.16409598026001398,0.0035178458681230994,0.01065698234622514,0.023947601816548494,0.009721974647311752,0.01433255247596597,0.0197967592368895,0.006346928215549427,mlp,lime
277,0.04697725604524633,0.002513198821808071,0.030861332487671523,0.16283014517877786,0.004501729380523238,0.004898277743348133,0.03299988128333542,0.008722849928282504,0.013105129013123998,0.015916299663254276,0.00586431869141449,mlp,lime
278,0.04592009895674948,0.0001973994051417953,0.038631305567824126,0.15158907098638402,0.010450258856714936,0.009832047003048894,0.036516160761097594,0.005731346553504827,0.010640384825350707,0.0044437854343704515,0.0018280850317934937,mlp,lime
279,0.04819118202879142,0.001802888883821569,0.03428119974974113,0.15624921288335933,0.012755457674897979,0.010868511762685424,0.01822032719297323,0.018225027612639482,0.010726370046010406,0.014713922707754373,0.0031626207091624307,mlp,lime
280,0.04784158687161654,0.004972803815376831,0.03144711186638531,0.16446912922234183,0.006319494672804085,0.019151646480890763,0.027475839134660725,0.002046027358937127,0.008839637973834887,0.013455436048449915,0.007125530800138799,mlp,lime
281,0.04467234725614976,0.0007310186903000682,0.03636683622186572,0.15833872415538988,0.007198829008655972,0.009693281975078079,0.032161692679636075,0.008410597629722561,0.016235483940694087,0.009262309433381884,0.005863109169432827,mlp,lime
282,0.047588224960483545,0.007491100954046991,0.03289206715371125,0.15507161768894054,0.01388668760563814,0.009814102047218814,0.029041742088167795,0.010806209975639402,0.013881249253474264,0.00863162931564849,0.0077497153294538105,mlp,lime
283,0.04235205204434365,0.0012542325684202938,0.03449390738212565,0.14754756465446242,0.01594215283013234,0.01596503029989888,0.02620892899175309,0.00684186824266814,0.009061151882040125,0.006228975126931375,0.0037127589324209374,mlp,lime
284,0.04584410494000089,0.004773802845074062,0.03475109601131365,0.15853337665023665,0.0077567326464162666,0.015833852606850107,0.040067201505838354,0.0025790816131837035,0.016433288441987614,0.00819628479466578,0.003467838234774982,mlp,lime
285,0.040435260214166574,0.0021677973148205567,0.03462680155947062,0.1608538423917411,0.009159657941314105,0.01785353233592024,0.03003164664392706,0.009048235451838759,0.009834531832365436,0.010400662100233021,0.007427871672208195,mlp,lime
286,0.040141208896487174,0.0013991437172045217,0.03299405374446835,0.14905407746134702,0.013386008908401371,0.011442662042984995,0.021801196950838694,0.001444799028286924,0.011774081966796506,0.014016021257051783,0.005484975051344992,mlp,lime
287,0.04289401170683396,0.0009413265062311453,0.03209902191691622,0.15849317757362222,0.009015967676568181,0.005247740711365491,0.037807170677097046,0.007509126506986612,0.01204573214937383,0.012234567872462184,0.005324545266211912,mlp,lime
288,0.043180946509924725,0.0022365605730968064,0.035695268128414996,0.1529117612547154,0.004999610546541762,0.011812435578905494,0.0341456740437079,0.0044956834867984985,0.012711144610979462,0.010399409805661348,0.01027114534067029,mlp,lime
289,0.0459036515443968,0.005113859731793304,0.03172833887596895,0.1605850186461692,0.005372635387512131,0.009501388366395119,0.03448318899852743,0.004364005665938557,0.009868405980369064,0.003648482761240411,0.01121712302672091,mlp,lime
290,0.042518160469464286,0.0033223405630708335,0.036218022631456716,0.1518921774031021,0.008437905304147697,0.011346434423255808,0.029836597505320125,0.00608476584157293,0.016872797941497316,0.010236973324734302,0.004105865583957501,mlp,lime
291,0.038221622731621746,0.0035003458656314786,0.034754539160745244,0.1496490201079294,0.0066272103781357785,0.01245165401486858,0.024698104416930173,0.003415814352148016,0.014724189047000071,0.013316735218899978,0.007392134626939682,mlp,lime
292,0.03810230901364798,0.0013809236786817929,0.03445653333912564,0.15140793984572246,0.014876508977026522,0.011239894231200752,0.027046273193568365,0.008753207559654677,0.015225463776979383,0.008910189525836274,0.008728722107347504,mlp,lime
293,0.044885179029237575,0.00773821212556576,0.03141578029067914,0.155018870103674,0.010438989195708964,0.009225331189158532,0.02612366364780817,0.0031712008499894433,0.013292615751689229,0.009564200373807036,0.0023817028197807453,mlp,lime
294,0.048846714395178244,0.004852814989409346,0.03364338258321376,0.16051297807486867,0.0071323417076506294,0.0057216592941363355,0.02824645024459855,0.013912840366043898,0.01591235645592143,0.007758698172543182,0.006919900613867925,mlp,lime
295,0.04250141348577136,0.0009543043710743793,0.03318281933573329,0.16699213643335675,0.009807097448358821,0.009407406886483196,0.0258938630605097,0.008668566125822555,0.017749278637284007,0.007160347710023377,0.005737564883396114,mlp,lime
296,0.04451760075787418,0.005741022607053773,0.034780791392851625,0.16034059373109857,0.004699496569917624,0.01742320463824592,0.03160009188401462,0.013698566716007676,0.013769343774479347,0.007332367303075281,0.005593806471196524,mlp,lime
297,0.041814195690810387,0.00015226548933206394,0.0268678431172796,0.14845560147471437,0.005451778891506383,0.014012802926562345,0.024312990533399883,0.006992510817242732,0.012257504181645236,0.01273541618728553,0.0012415341762914542,mlp,lime
298,0.039447926859714086,0.0002808271772991983,0.035523675810982626,0.15972001555013948,0.007866633000628294,0.011487962388182664,0.031286419633240636,0.009946387156651576,0.01423819603668685,0.0006502127266781754,0.004459894534795876,mlp,lime
299,0.04400307842987479,0.0037221607131012278,0.03540147810962503,0.16454569537436087,0.001894925288237326,0.004518716430048381,0.03576761754145474,0.007726309570165986,0.010597177687363945,0.006963672325901456,0.011235911916690683,mlp,lime
